Time (%),Total Time (ns),Num Calls,Avg (ns),Med (ns),Min (ns),Max (ns),StdDev (ns),Name
92.7,11811877434,5411,2182938.0,1476.0,1391,42479600,8888141.2,cuStreamSynchronize
2.9,370855840,714459,519.1,336.0,315,28411,963.1,cudaEventQuery
1.6,207997135,61800,3365.6,3039.0,1977,25293,1183.5,cudaMemcpyAsync
1.3,163157900,40600,4018.7,3278.0,2368,76536,1654.2,cuLaunchKernelEx
0.7,90204749,1324863,68.1,66.0,51,1464327,1272.7,cuCtxGetId
0.3,43663267,61800,706.5,485.0,427,9404,476.5,cudaEventRecord
0.3,38825888,498950,77.8,75.0,62,262684,373.5,cuStreamGetCaptureInfo
0.1,13032030,47,277277.2,279642.0,115256,532428,109522.8,cudaHostRegister
0.0,49385,1,49385.0,49385.0,49385,49385,0.0,cuMemGetInfo_v2
0.0,24959,1,24959.0,24959.0,24959,24959,0.0,cuCtxSynchronize
0.0,10678,1,10678.0,10678.0,10678,10678,0.0,cuProfilerStart
0.0,372,1,372.0,372.0,372,372,0.0,cuProfilerStop
