nodes,cores,partition,job_id,state,fastest,median,details
1,192,1x1x1,23304754,PENDING,,,(Priority); estimated start N/A America/Toronto
2,384,1x2x1,23304755,RUNNING,,,None
4,768,2x2x1,23304756,PENDING,,,(Priority); estimated start 2026-10-06T04:20:00 America/Toronto
8,1536,4x2x1,23304757,RUNNING,,,None
16,3072,4x4x1,23304758,PENDING,,,(Priority); estimated start 2026-10-06T11:40:00 America/Toronto
32,6144,8x4x1,23304759,PENDING,,,(Priority); estimated start 2026-10-06T10:38:52 America/Toronto
64,12288,8x8x1,23304760,PENDING,,,(Priority); estimated start 2026-10-06T20:06:32 America/Toronto
128,24576,16x8x1,23304761,PENDING,,,(Priority); estimated start 2026-10-07T09:54:33 America/Toronto
256,49152,16x16x1,23304762,PENDING,,,(Priority); estimated start 2026-10-07T10:59:48 America/Toronto
512,98304,32x16x1,23304763,PENDING,,,(Priority); estimated start 2026-10-13T02:51:23 America/Toronto
675,129600,45x15x1,23304805,PENDING,,,"(Nodes required for job are DOWN, DRAINED or reserved for jobs in higher priority partitions); estimated start N/A America/Toronto"
