series,case,ranks,partition,resolution,grid_type,state,job_id,fastest,median,efficiency_fastest,efficiency_median,details
cpu_mpi_scaling_super_fine,1_ranks,1,1x1x1,1440x720x200,LatitudeLongitudeGrid,FAILED,22632312,,,,,Exit 9:0; None
cpu_mpi_scaling_super_fine,3_ranks,3,3x1x1,1440x720x200,LatitudeLongitudeGrid,FAILED,22632314,,,,,Exit 9:0; None
cpu_mpi_scaling_super_fine,6_ranks,6,3x2x1,1440x720x200,LatitudeLongitudeGrid,FAILED,22632316,,,,,Exit 9:0; None
cpu_mpi_scaling_super_fine,12_ranks,12,4x3x1,1440x720x200,LatitudeLongitudeGrid,FAILED,22632318,,,,,Exit 9:0; None
cpu_mpi_scaling_super_fine,24_ranks,24,6x4x1,1440x720x200,LatitudeLongitudeGrid,FAILED,22632320,,,,,Exit 9:0; None
cpu_mpi_scaling_super_fine,48_ranks,48,8x6x1,1440x720x200,LatitudeLongitudeGrid,FAILED,22632322,,,,,Exit 9:0; None
cpu_mpi_scaling_super_fine,96_ranks,96,12x8x1,1440x720x200,LatitudeLongitudeGrid,FAILED,22632324,,,,,Exit 9:0; None
cpu_mpi_scaling_super_fine,192_ranks,192,16x12x1,1440x720x200,LatitudeLongitudeGrid,FAILED,22632327,,,,,Exit 9:0; None
cpu_mpi_scaling_super_fine,384_ranks,384,24x16x1,1440x720x200,LatitudeLongitudeGrid,FAILED,22632328,,,,,Exit 9:0; None
cpu_mpi_scaling_super_fine,768_ranks,768,32x24x1,1440x720x200,LatitudeLongitudeGrid,FAILED,22632329,,,,,Exit 9:0; None
cpu_mpi_scaling_super_fine,1536_ranks,1536,32x48x1,1440x720x200,LatitudeLongitudeGrid,FAILED,22632330,,,,,Exit 9:0; None
cpu_mpi_scaling_super_fine,3072_ranks,3072,64x48x1,1440x720x200,LatitudeLongitudeGrid,FAILED,22632331,,,,,Exit 9:0; None
cpu_mpi_scaling_super_fine,6144_ranks,6144,96x64x1,1440x720x200,LatitudeLongitudeGrid,FAILED,22632332,,,,,Exit 9:0; None
cpu_mpi_scaling_super_fine,12288_ranks,12288,128x96x1,1440x720x200,LatitudeLongitudeGrid,FAILED,22632333,,,,,Exit 9:0; None
cpu_mpi_scaling_super_fine,24576_ranks,24576,,1440x720x200,LatitudeLongitudeGrid,GEOMETRY_LIMIT,,,,,,24576 ranks have no horizontal partition with at least 7 local cells per direction
gpu_scaling_super_fine,1_ranks,1,1x1x1,1440x720x200,LatitudeLongitudeGrid,COMPLETED,22632334,0.9649973801,0.9652211700000001,1.0,1.0,"Rank results, finite fields and resource placement verified"
gpu_scaling_super_fine,2_ranks,2,2x1x1,1440x720x200,LatitudeLongitudeGrid,COMPLETED,22632335,0.4939531509,0.4989238816,0.9768106330952043,0.9673030351890857,"Rank results, finite fields and resource placement verified"
gpu_scaling_super_fine,4_ranks,4,2x2x1,1440x720x200,LatitudeLongitudeGrid,COMPLETED,22632336,0.25345050589999996,0.2552552106,0.9518597888306682,0.9453491348238907,"Rank results, finite fields and resource placement verified"
gpu_scaling_super_fine,8_ranks,8,4x2x1,1440x720x200,LatitudeLongitudeGrid,COMPLETED,22632337,0.14642637409999998,0.1508291424,0.823790613227375,0.7999292731508629,"Rank results, finite fields and resource placement verified"
gpu_scaling_super_fine,16_ranks,16,4x4x1,1440x720x200,LatitudeLongitudeGrid,COMPLETED,22632338,0.0987553307,0.1071243508,0.6107248674956844,0.5631429518544163,"Rank results, finite fields and resource placement verified"
gpu_scaling_super_fine,32_ranks,32,8x4x1,1440x720x200,LatitudeLongitudeGrid,COMPLETED,22632339,0.0800873946,0.1308310668,0.37654075624186933,0.23055045181745779,"Rank results, finite fields and resource placement verified"
gpu_scaling_super_fine,64_ranks,64,8x8x1,1440x720x200,LatitudeLongitudeGrid,PENDING,22632340,,,,,(Priority); estimated start 2026-10-07T07:47:48 (scheduler timezone)
gpu_scaling_super_fine,128_ranks,128,16x8x1,1440x720x200,LatitudeLongitudeGrid,PENDING,22632341,,,,,"(Nodes required for job are DOWN, DRAINED or reserved for jobs in higher priority partitions); estimated start 2026-10-07T14:33:58 (scheduler timezone)"
gpu_scaling_super_fine,256_ranks,256,16x16x1,1440x720x200,LatitudeLongitudeGrid,PENDING,22632342,,,,,(Resources); estimated start 2026-10-10T10:21:58 (scheduler timezone)
gpu_scaling_super_fine,512_ranks,512,32x16x1,1440x720x200,LatitudeLongitudeGrid,RESOURCE_LIMIT,,,,,,Requires 512; configured capacity is 264
cpu_resolution,default,1,1x1x1,360x180x50,LatitudeLongitudeGrid,FAILED,22632343,,,,,Exit 9:0; None
cpu_resolution,fine,1,1x1x1,720x360x100,LatitudeLongitudeGrid,FAILED,22632344,,,,,Exit 9:0; None
cpu_resolution,super_fine,1,1x1x1,1440x720x200,LatitudeLongitudeGrid,FAILED,22632345,,,,,Exit 9:0; None
gpu_resolution,default,1,1x1x1,360x180x50,LatitudeLongitudeGrid,COMPLETED,22632346,0.017257194400000002,0.0172610067,,,"Rank results, finite fields and resource placement verified"
gpu_resolution,fine,1,1x1x1,720x360x100,LatitudeLongitudeGrid,COMPLETED,22632347,0.11926001989999999,0.11932407249999999,,,"Rank results, finite fields and resource placement verified"
gpu_resolution,super_fine,1,1x1x1,1440x720x200,LatitudeLongitudeGrid,COMPLETED,22632348,0.9668335425000001,0.9671925480000001,,,"Rank results, finite fields and resource placement verified"
cpu_partition_cores_super_fine,192x1x1,192,192x1x1,1440x720x200,LatitudeLongitudeGrid,FAILED,22632349,,,,,Exit 9:0; None
cpu_partition_cores_super_fine,96x2x1,192,96x2x1,1440x720x200,LatitudeLongitudeGrid,FAILED,22632349,,,,,Exit 9:0; None
cpu_partition_cores_super_fine,64x3x1,192,64x3x1,1440x720x200,LatitudeLongitudeGrid,FAILED,22632349,,,,,Exit 9:0; None
cpu_partition_cores_super_fine,48x4x1,192,48x4x1,1440x720x200,LatitudeLongitudeGrid,FAILED,22632349,,,,,Exit 9:0; None
cpu_partition_cores_super_fine,32x6x1,192,32x6x1,1440x720x200,LatitudeLongitudeGrid,FAILED,22632349,,,,,Exit 9:0; None
cpu_partition_cores_super_fine,24x8x1,192,24x8x1,1440x720x200,LatitudeLongitudeGrid,FAILED,22632349,,,,,Exit 9:0; None
cpu_partition_cores_super_fine,16x12x1,192,16x12x1,1440x720x200,LatitudeLongitudeGrid,FAILED,22632349,,,,,Exit 9:0; None
cpu_partition_cores_super_fine,12x16x1,192,12x16x1,1440x720x200,LatitudeLongitudeGrid,FAILED,22632349,,,,,Exit 9:0; None
cpu_partition_cores_super_fine,8x24x1,192,8x24x1,1440x720x200,LatitudeLongitudeGrid,FAILED,22632349,,,,,Exit 9:0; None
cpu_partition_cores_super_fine,6x32x1,192,6x32x1,1440x720x200,LatitudeLongitudeGrid,FAILED,22632349,,,,,Exit 9:0; None
cpu_partition_cores_super_fine,4x48x1,192,4x48x1,1440x720x200,LatitudeLongitudeGrid,FAILED,22632349,,,,,Exit 9:0; None
cpu_partition_cores_super_fine,3x64x1,192,3x64x1,1440x720x200,LatitudeLongitudeGrid,FAILED,22632349,,,,,Exit 9:0; None
cpu_partition_cores_super_fine,2x96x1,192,2x96x1,1440x720x200,LatitudeLongitudeGrid,FAILED,22632349,,,,,Exit 9:0; None
cpu_partition_cores_super_fine,1x192x1,192,1x192x1,1440x720x200,LatitudeLongitudeGrid,GEOMETRY_LIMIT,,,,,,"Partition [1, 192, 1] has fewer than 7 local cells per horizontal direction"
gpu_nsight_scaling_super_fine,1_ranks,1,1x1x1,1440x720x200,LatitudeLongitudeGrid,COMPLETED,22632350,0.9730190815,0.9733342427,1.0,1.0,"Rank results, finite fields and resource placement verified"
gpu_nsight_scaling_super_fine,2_ranks,2,2x1x1,1440x720x200,LatitudeLongitudeGrid,COMPLETED,22632351,0.4983593909,0.5014704776000001,0.9762222798117639,0.9704801041910825,"Rank results, finite fields and resource placement verified"
gpu_nsight_scaling_super_fine,4_ranks,4,2x2x1,1440x720x200,LatitudeLongitudeGrid,COMPLETED,22632352,0.29464754860000003,0.29567485439999996,0.8255788026433966,0.8229768512739649,"Rank results, finite fields and resource placement verified"
gpu_nsight_scaling_super_fine,8_ranks,8,4x2x1,1440x720x200,LatitudeLongitudeGrid,COMPLETED,22632353,0.15567829,0.1579667733,0.781273902658489,0.7702048842033289,"Rank results, finite fields and resource placement verified"
gpu_nsight_scaling_super_fine,16_ranks,16,4x4x1,1440x720x200,LatitudeLongitudeGrid,COMPLETED,22632354,0.1068674338,0.1171248966,0.5690572930530124,0.5193890618875475,"Rank results, finite fields and resource placement verified"
gpu_nsight_scaling_super_fine,32_ranks,32,8x4x1,1440x720x200,LatitudeLongitudeGrid,PENDING,22632355,,,,,(Priority); estimated start 2026-10-07T06:38:33 (scheduler timezone)
gpu_nsight_scaling_super_fine,64_ranks,64,8x8x1,1440x720x200,LatitudeLongitudeGrid,PENDING,22632356,,,,,(Priority); estimated start 2026-10-07T08:40:00 (scheduler timezone)
gpu_nsight_scaling_super_fine,128_ranks,128,16x8x1,1440x720x200,LatitudeLongitudeGrid,PENDING,22632357,,,,,(Priority); estimated start 2026-10-07T15:20:00 (scheduler timezone)
gpu_nsight_scaling_super_fine,256_ranks,256,16x16x1,1440x720x200,LatitudeLongitudeGrid,PENDING,22632358,,,,,(PartitionNodeLimit); estimated start 2026-10-10T10:21:58 (scheduler timezone)
gpu_nsight_scaling_super_fine,512_ranks,512,32x16x1,1440x720x200,LatitudeLongitudeGrid,RESOURCE_LIMIT,,,,,,Requires 512; configured capacity is 264
gpu_partition_super_fine,2x1x1,2,2x1x1,1440x720x200,LatitudeLongitudeGrid,COMPLETED,22632359,0.49306254540000005,0.4946946519,,,"Rank results, finite fields and resource placement verified"
gpu_partition_super_fine,1x2x1,2,1x2x1,1440x720x200,LatitudeLongitudeGrid,COMPLETED,22632359,0.5250356541000001,0.5261388755999999,,,"Rank results, finite fields and resource placement verified"
gpu_partition_super_fine,4x1x1,4,4x1x1,1440x720x200,LatitudeLongitudeGrid,COMPLETED,22632360,0.24651756539999997,0.2534683572,,,"Rank results, finite fields and resource placement verified"
gpu_partition_super_fine,2x2x1,4,2x2x1,1440x720x200,LatitudeLongitudeGrid,COMPLETED,22632360,0.2544953146,0.2554229623,,,"Rank results, finite fields and resource placement verified"
gpu_partition_super_fine,1x4x1,4,1x4x1,1440x720x200,LatitudeLongitudeGrid,COMPLETED,22632360,0.2614490688,0.2655860262,,,"Rank results, finite fields and resource placement verified"
