cores,nodes,ranks,threads_per_rank,partition,resolution,grid_type,job_id,state,fastest,median,details
3,1,3,1,3x1x1,1440x720x200,LatitudeLongitudeGrid,23320790,RUNNING,,,"Slurm RUNNING, exit 0:0; None"
6,1,6,1,3x2x1,1440x720x200,LatitudeLongitudeGrid,23320794,COMPLETED,130.6235239559,145.8561975929,"All ranks, unique pinned cores, configuration and timings verified"
12,1,12,1,4x3x1,1440x720x200,LatitudeLongitudeGrid,23320798,COMPLETED,82.8132991178,83.6673027475,"All ranks, unique pinned cores, configuration and timings verified"
24,1,24,1,6x4x1,1440x720x200,LatitudeLongitudeGrid,23320800,COMPLETED,45.4929428932,46.3950525287,"All ranks, unique pinned cores, configuration and timings verified"
48,1,48,1,8x6x1,1440x720x200,LatitudeLongitudeGrid,23320805,COMPLETED,19.7429740333,19.874877570000002,"All ranks, unique pinned cores, configuration and timings verified"
96,1,96,1,12x8x1,1440x720x200,LatitudeLongitudeGrid,23320810,COMPLETED,10.0546972138,10.153558699,"All ranks, unique pinned cores, configuration and timings verified"
192,1,192,1,16x12x1,1440x720x200,LatitudeLongitudeGrid,23320814,COMPLETED,5.264862846,5.3228062812,"All ranks, unique pinned cores, configuration and timings verified"
384,2,384,1,24x16x1,1440x720x200,LatitudeLongitudeGrid,23320819,COMPLETED,2.9001481059,2.9081765088,"All ranks, unique pinned cores, configuration and timings verified"
768,4,768,1,32x24x1,1440x720x200,LatitudeLongitudeGrid,23320824,COMPLETED,1.671753663,1.7758828675,"All ranks, unique pinned cores, configuration and timings verified"
1536,8,1536,1,32x48x1,1440x720x200,LatitudeLongitudeGrid,23320828,COMPLETED,1.2595375689000001,1.2792070974,"All ranks, unique pinned cores, configuration and timings verified"
3072,16,3072,1,64x48x1,1440x720x200,LatitudeLongitudeGrid,23320830,COMPLETED,0.9445774303000001,0.972165464,"All ranks, unique pinned cores, configuration and timings verified"
6144,32,6144,1,96x64x1,1440x720x200,LatitudeLongitudeGrid,23320832,PENDING,,,(Priority); estimated start 2026-10-06T23:37:55 America/Toronto
12288,64,12288,1,128x96x1,1440x720x200,LatitudeLongitudeGrid,23320834,PENDING,,,(Priority); estimated start 2026-10-06T23:38:10 America/Toronto
24576,128,,,Unavailable,1440x720x200,LatitudeLongitudeGrid,,GEOMETRY_LIMIT,,,24576 MPI ranks have no horizontal partition with at least seven cells per local dimension
