rank,path,bytes,sha256
0,/scratch/anditse/benchmark_traces/2026-10-07_full_suite/gpu_nsight_scaling_super_fine/32_ranks/rank_0/profile.nsys-rep,45668763,545cd753d7f8a6ba94f0232a1087eb93e7b77490097feef5b196df237d829d13
1,/scratch/anditse/benchmark_traces/2026-10-07_full_suite/gpu_nsight_scaling_super_fine/32_ranks/rank_1/profile.nsys-rep,48946218,4c8cebfa89d2471c4cdb2122031410f12e8243279a6f73df70b4b1e08b94f164
2,/scratch/anditse/benchmark_traces/2026-10-07_full_suite/gpu_nsight_scaling_super_fine/32_ranks/rank_2/profile.nsys-rep,48204713,87bff2b6c2aebf02eabe79a4358701232e9a96026241e6e27ec7f25114e8fb7d
3,/scratch/anditse/benchmark_traces/2026-10-07_full_suite/gpu_nsight_scaling_super_fine/32_ranks/rank_3/profile.nsys-rep,44510947,b7f9dc934654a2622e1702042dc07a905e7623a9ee41c5f67fa42fbf5e427f7d
4,/scratch/anditse/benchmark_traces/2026-10-07_full_suite/gpu_nsight_scaling_super_fine/32_ranks/rank_4/profile.nsys-rep,45716123,d38791607d04845c06db66fa565f7402dfa03672084a75cba286d587df99e80d
5,/scratch/anditse/benchmark_traces/2026-10-07_full_suite/gpu_nsight_scaling_super_fine/32_ranks/rank_5/profile.nsys-rep,48886656,6f31fdd5fd383d0cba779193ebb69868e2261dc64d9aea76b5a67565c87bf8fc
6,/scratch/anditse/benchmark_traces/2026-10-07_full_suite/gpu_nsight_scaling_super_fine/32_ranks/rank_6/profile.nsys-rep,48651739,b9021684d5474b289bdf43e4e1b36c1346522d1cd7e994da9c8e69691f7d787e
7,/scratch/anditse/benchmark_traces/2026-10-07_full_suite/gpu_nsight_scaling_super_fine/32_ranks/rank_7/profile.nsys-rep,43577616,19486a5b605605c10f1090c35ca73d451d0c095da1bd9525f0b860f3d4e2a53a
8,/scratch/anditse/benchmark_traces/2026-10-07_full_suite/gpu_nsight_scaling_super_fine/32_ranks/rank_8/profile.nsys-rep,45692382,405a08f06031c9f1fea279563810f0dc4160cc28e55687bc02898408d8714e0b
9,/scratch/anditse/benchmark_traces/2026-10-07_full_suite/gpu_nsight_scaling_super_fine/32_ranks/rank_9/profile.nsys-rep,49219672,b146b20ac33bc171c2a9a81225aece72fa2d4a6c0d9286ef437f29a06c0e42a3
10,/scratch/anditse/benchmark_traces/2026-10-07_full_suite/gpu_nsight_scaling_super_fine/32_ranks/rank_10/profile.nsys-rep,48327219,494f844b01f7315a21501250705c793ad3d516142f7bb538a20a8a136f4e3a45
11,/scratch/anditse/benchmark_traces/2026-10-07_full_suite/gpu_nsight_scaling_super_fine/32_ranks/rank_11/profile.nsys-rep,45311508,7eb4a9182db2f21be2ce71a9f056464f6909e0cdaa49b7c3c548789b6470e527
12,/scratch/anditse/benchmark_traces/2026-10-07_full_suite/gpu_nsight_scaling_super_fine/32_ranks/rank_12/profile.nsys-rep,44015829,95dae394f1ca7924a7d4ab5cf3e9b2c9b9889c5114ba1697bf340a1ee802a372
13,/scratch/anditse/benchmark_traces/2026-10-07_full_suite/gpu_nsight_scaling_super_fine/32_ranks/rank_13/profile.nsys-rep,49460425,a92981f8093b90b8173a8e962a6d8de8e54d1422d06c2a4a747b427636f80341
14,/scratch/anditse/benchmark_traces/2026-10-07_full_suite/gpu_nsight_scaling_super_fine/32_ranks/rank_14/profile.nsys-rep,47665132,002b1326f3ad12009e2d7fc306d35600fc7bf7c0f3be782a851796b47c66c508
15,/scratch/anditse/benchmark_traces/2026-10-07_full_suite/gpu_nsight_scaling_super_fine/32_ranks/rank_15/profile.nsys-rep,44765239,832525727fe8caf8c11de5fb26b65b8375976f7c74c85df261e6611f3a1f8c25
16,/scratch/anditse/benchmark_traces/2026-10-07_full_suite/gpu_nsight_scaling_super_fine/32_ranks/rank_16/profile.nsys-rep,45125005,3685c7cacccc1a2152cbaa52fd5c070441a28a6768139872abb1027efd508ce2
17,/scratch/anditse/benchmark_traces/2026-10-07_full_suite/gpu_nsight_scaling_super_fine/32_ranks/rank_17/profile.nsys-rep,48109948,a1469b04202d95c8ea5586e2e6573c84c99de43d6316de9d7118e1ff87d13f4d
18,/scratch/anditse/benchmark_traces/2026-10-07_full_suite/gpu_nsight_scaling_super_fine/32_ranks/rank_18/profile.nsys-rep,49080088,bcee318e3dfab00e77fb55e6374f5a089c824862987637afab4546e20e6cc914
19,/scratch/anditse/benchmark_traces/2026-10-07_full_suite/gpu_nsight_scaling_super_fine/32_ranks/rank_19/profile.nsys-rep,43727998,46d57e6adab8fe4c7d91d2885aade8eb75b607546fcaf623e9ca441a85a7d3d2
20,/scratch/anditse/benchmark_traces/2026-10-07_full_suite/gpu_nsight_scaling_super_fine/32_ranks/rank_20/profile.nsys-rep,44046282,926ed094c8798493dafc3ed92c31312518092ca3cb9254e18fd6c16b5629e7ae
21,/scratch/anditse/benchmark_traces/2026-10-07_full_suite/gpu_nsight_scaling_super_fine/32_ranks/rank_21/profile.nsys-rep,48558647,f98fce4fefcc8edf95a69978b993a55da8343b741b9afeb20cdb6124717d4cc6
22,/scratch/anditse/benchmark_traces/2026-10-07_full_suite/gpu_nsight_scaling_super_fine/32_ranks/rank_22/profile.nsys-rep,48248317,01236b95c146e59662679c43ba8cf4d9992aebc16b1ad189d35958ba37171057
23,/scratch/anditse/benchmark_traces/2026-10-07_full_suite/gpu_nsight_scaling_super_fine/32_ranks/rank_23/profile.nsys-rep,44240180,eb700c1c0dfe12cc4eb95339ad8b3b9115643c0bff8658018db37a9519263ff6
24,/scratch/anditse/benchmark_traces/2026-10-07_full_suite/gpu_nsight_scaling_super_fine/32_ranks/rank_24/profile.nsys-rep,43778768,8bd7e8ecdb76801eb25b8db71251695d57f415a1f29398bedb08504966559ec7
25,/scratch/anditse/benchmark_traces/2026-10-07_full_suite/gpu_nsight_scaling_super_fine/32_ranks/rank_25/profile.nsys-rep,48647108,6f79873c69bd276c54cf1736d410b67f5481f7fc8c7c5f2587e06734956ff615
26,/scratch/anditse/benchmark_traces/2026-10-07_full_suite/gpu_nsight_scaling_super_fine/32_ranks/rank_26/profile.nsys-rep,48069228,d8a852c8e49e556b0347134449668abc19e19cd46612b956de53d5bc7a87a571
27,/scratch/anditse/benchmark_traces/2026-10-07_full_suite/gpu_nsight_scaling_super_fine/32_ranks/rank_27/profile.nsys-rep,44351591,6aaa36235066e9beb6d72fb68497929f0ca2df9c36c54a8063daf09f7c246860
28,/scratch/anditse/benchmark_traces/2026-10-07_full_suite/gpu_nsight_scaling_super_fine/32_ranks/rank_28/profile.nsys-rep,44460215,675d09188c6a382b79e70575c9bbcddd1382a779133d0c74f7c97878ac1f0dda
29,/scratch/anditse/benchmark_traces/2026-10-07_full_suite/gpu_nsight_scaling_super_fine/32_ranks/rank_29/profile.nsys-rep,49271839,45818dcc1808dde4d0e3ab09cc506c425afb9662e4ecb5a6b29e64a2e2b418ca
30,/scratch/anditse/benchmark_traces/2026-10-07_full_suite/gpu_nsight_scaling_super_fine/32_ranks/rank_30/profile.nsys-rep,48519101,dfbd4700810ec2c90a73d3878bc81571bbd2e1d446ea7e1a456b8451cf44b257
31,/scratch/anditse/benchmark_traces/2026-10-07_full_suite/gpu_nsight_scaling_super_fine/32_ranks/rank_31/profile.nsys-rep,43895788,44710e594a8ca9e2d42c9a988f1708c2f8710d64ae9c10238474238772dda48d
